title,company,location,link
Entry Level Software Engineer DevSecOps Learning Labs,BOEING,"Austin, TX 78747",https://www.indeed.com/pagead/clk?mo=r&ad=-6NYlbfkN0BddK4H-tsabPiX3BvkwhvbvP4OkLNzlRX6egXJy9Hb18t9Bzu37hPjAfBKAsE5h-EYnpUMCqSJlAn9WduWHtjGKhlxhbw412Rsf4W9v7YTO2lJPmp-OzjKMKu602HlQs8mFj9RCUPdC8hoxvNwzrukjzNJ-_DLSYfBOhMk1H4cimL3UL48I2VcRwqVlFLx1GiA9DssweeizI5598gMOmeK25f1eAbtooZn5EJMdpAyz3BQ4WNfcHX4TtlEapGcn6t_GTivAo-AUP-qU9LpGlnLSAAjscmLOn1b2aNxEXiF0bNHq8fYCPFZNV8VvKRxuXANXt_pz8HJvtndyivVaLblAT336QAePFHYv-sNoYGgU92XkcrvXVlS2uZmba2RPweypk27jhvASqZ8tLzdwoTgYTzn-Pj3zC0=&p=0&fvj=0&vjs=3
Entry-Level Product Cybersecurity Engineer,BOEING,"Austin, TX 78701 (Downtown area)",https://www.indeed.com/pagead/clk?mo=r&ad=-6NYlbfkN0BddK4H-tsabPiX3BvkwhvbvP4OkLNzlRX6egXJy9Hb18t9Bzu37hPjorShV1H2aIaMur8d5m1hj45nZm4jVi3zhr6mrxfuOUChL_YLjRtKeBeBoUbDPjbKWRchDEvSZeMzetF1FgW9ZrepCuLkmykilXeDRiFx5D5psZy4ioqAsNwk8NKjC1RAFF7LHvo52bsQxXg4-cgut5h_J2EUqQS2V328oN9akV23884vuI62-ipWjWZT8Jk4t1_ablumEjsr72-3-xMSygul_DngeqhpE-XTlh3UvcSl8jwN90vt8jOIlhPQt5dCT_2iQina_96lPwsl5n-NW62RiqBJ9nP0kPzwf6leJ_coGsi_PpcA24G2fGXjhA7pQh_FGY42b63QYdtUKavPwIWj_Lk9K0hjSyvKRg9l9oc=&p=1&fvj=0&vjs=3
Corporate Development Associate,Indeed,"Austin, TX",https://www.indeed.com/pagead/clk?mo=r&ad=-6NYlbfkN0CiRNM7CVr8YueLFKlzwbFWI0o7IjV438l4sVrvKZ0flkywQJjHRBle1nJQGsulJR4zXIB_--92OKr3xOEytU_Toxssu6RJoftpbeXVjL7xGTwSZEkmUb9cU287BzsejlWUwVp5U7mQ_6EmB2kgnaW0TIIEEfO5a5dJKnXFG3JZpVc1PseUXW3RA934IhVuR4Pvxt5Y7PUZOPFv9mix08qW2wgXjCVgFL9Gf06W4Cx9MYq-K1guFJMFCa0sMlgeF9XXSjc-VBXMDhL1gUMfEzKEFtgZRL0MS6HxU7icyUVF5uSMy9xv2mq88xXng69v_HStjsbuHhjB6VzPckYRAsC3dnbGEJAJuGCpCZVsMN-YNguH-LN_J0po7xT0kziojgpa4UMZaasjWSfO1s1V4hvr2FX9VvKami-UDmRKgVp9d4naoqD5PyRYTmfw0ZDuub2XjIYGk9MQVM6gQn97WBFbum7nm-jmVP76tcKoBDlKzXoXa6PyUFozG20lid8xIPlnNk67xTS7tPXwlZ9Jw7pNEmWx53iRvaJNOaMa1DaQ2Q==&p=2&fvj=0&vjs=3
"Backend Engineer, Early Career",Apple,"Austin, TX",https://www.indeed.com/pagead/clk?mo=r&ad=-6NYlbfkN0BvKrLyj5gPmtZO9T8euul8TCxuuKNOtzRJOomxnwSEodTz2Bc-sPZlADHp0xxmf8UJFtS20NoYj-sN4R3WAwu2tPyIOJEZgFm-Qx0QinZZox-ESWb9qTbx6oI2JtgEEwhMIaGLG83sC6kYOJvEfF6iySjkDKkPAqILqjyDRMGXEAgXn3mZeUssVFeWDFAviATraCPCDdxGzq0vy_9VpRRGAFeV2reWZwZxYxzQcEwrkg7tJSyH2B9CaXtzz2IIK1SR7XoiT3snLfKqZpT8xd8R4Kdwmg1xWmwzqtpUuBaPg5AWS3w5ETYGQ6MEBnQRUWjVB0bqdpQvJh99TgwzbhZQ_87qmnGqYF0ZTCByip2c_LqhPghfazgfdeaIOG51KONxQ6wCLJIpySUr8AboVvdMJZPwnM4d5Eq4IljQ9mMpUc-2opSfsUEaa_we2FHrlCkNBDQFHIs3GsjyneCMmiIkQh2VUrchi0bPFTLW8iqATY4zgwgL3rKDzt9wPu3XUzyrbtd1DOCmMnDyVgcw1WaApvYwOxufPF9MWnBRaEjjGyket_9MgBVl&p=3&fvj=0&vjs=3
Data Engineer,None,"Austin, TX•Remote",https://www.indeed.com/pagead/clk?mo=r&ad=-6NYlbfkN0DZ3cR7fu6IQZCwKNBtHavQM4rvmSS4dmug4c0yQKThL0dQOM5JtqplSTP2rNN8dsyhMz9cYysQLChi2D6nW9Lzhfs268JN5Q4-MwGTLO7PfyeDHAlT2R_s-YOQN762lGV8ZfM-FJizegVOmgZcEpcdMjhBlgCrw4uQDpOGYhNhtpEC8jVpbjodmfigZ8ibZK3Uj1eRLXVvdJ_GGqg_ZJzta_6R3JgXua4VlG5GCpHG39rUv7aLTM-JZ6kPRBEhFpx5J0MmJWwegMnoL5DAOjMt4umxkRFsFgBTsXb7apVDgLha6rn0c7v0fR4WwiLTVJq3_Ne2nErQDevu73MineHG-LTUcrtGJUwWg_Luw6vgiSDjbXD6t6Ok9VRrorp9iC5xGf08XkQQOGg1Ftm3Q6P6_SMLcyF78J_J1w2STrXtOnEBbISNwWwIHeXxLgD18Lura551pU6d32K48jZ1-S1uhLMJB44wehBnEymfOU0oOQ==&p=4&fvj=1&vjs=3
Product Development Manager,Indeed,"Austin, TX•Remote",https://www.indeed.com/pagead/clk?mo=r&ad=-6NYlbfkN0CiRNM7CVr8YueLFKlzwbFWI0o7IjV438l4sVrvKZ0flkywQJjHRBled-d1C4WSEL8YC2akLdikS9GgY_4nXXjM4jkGGorkifrDhZt3ftUriAz3IDKgob87-nFE6Nyj_B012ni5NL94BkOMO4ZfehafGZ5k3EHoK3cglVY7N2bPNencuq0jxHu6RuUfEJF4wT1AsjmBjVbP2cbNuStRJS7-v274sK42Km6xtuDn74uNmE_ZjZ3jVmsRK_vt4pRP_Wa6mozM_TghaQz6HhrPLHLdocRvPUhHhz4Vd3ED0xw6ihnGiyedaznZjBb0ULVENmqzcaMJVmaQiH52vCbrE0sWkH5En7B5QzwKlZS2J2a_nVTyl5iXufdQrExRvcMomGfEDwuCq56aHcMLVqER1ijrkZW9t9jZK-dHJB4rjRSNSNUuVEyk5s0h4NeSYHcrhXawbDVCWfDTz1jzuG95Os5YmlawjUicgPvq24MB7ned_R8ZPYfsK_nTqGXquFjfK7QeR1I4nzJnBVyluHUCx4IkURRc3xtJ1cb2TjOES9-bC4F14PbN26IL&p=5&fvj=0&vjs=3
Data Scientist - Payments -,Apple,"Austin, TX",https://www.indeed.com/pagead/clk?mo=r&ad=-6NYlbfkN0BvKrLyj5gPmtZO9T8euul8TCxuuKNOtzRJOomxnwSEodTz2Bc-sPZlADHp0xxmf8XwObGmk4uJXLwpezMIrjzExaiWTI36xosD1R6Te4dVvg5Og8qiOrVKXnCIUNJbbK1SM-1eQPIFymgSrFPb7_Z1YOMdAzzYB2QBBhWPKfEbOuUJNsg-9ZB35SZl_ODpp9Q5dW6si9KZ2Tt_QVP6vim76WyxpiBmZ-6VqpK-hyYmO7C5rMdd26HhsVVEXju-f-KOm8fsGufGGUULBKL3z89045BoLMH95Yv9BnAliwRYoYJGXC27yX_68CCqshXc1JbF64ZTWw535hCz_7tnOsNAO1MiFPZN_JkFB-qUYV_9HXgPkOrqrQHi_XKTnU49WPHL11BgM1MawdRPSHMCh4rBesmubAjjCj8C0veDkIEQlcerDcLxWvfTEwaT2IGG27kfxuSafr4iAmSb31ppUqwQBANdh25uWIj63y88Mied9SV2GdGumkDzJNXv48XGVRAl6fuDfUmYifBLgxwy4nXZYLNg_QIt3nCBIc8RNjR2fGihEGl2QkwoLutkAJ0Be7guCSJ84bpFJBNH0TR06hU_8gmlTOFlgDLyUKkNe59BjC-KqVTwslInYdCFxj3CegaeP8MpFxA17b9dd2fAD86tM9eV6yo-mc7CO0EeGz8oR35jj6gWdEDlNx7dfCqlHjaU8EvpT5cyhqFBQM20PIhK4QOz4tp0r30_rr8jRKKba1ZkL5rCpJ7CZ8GBa6LneEBhqyKNL2vAZ_uQ8lwfHOTWzE-8aowPfvPP1z9zyzWnvcOz1_q4TnN2RdrJKbV2l96A2DCWbhj7L0ElDL9aNF4hnp8n3Dzt_swjv8YHsxGb4mcpC6pNXiVKEspPe90etXbalL6rvuVQ1JUPUH4JgqpJjjkHSdTYdL-mOFLDIiZXc8c7yIJHL1a0&p=6&fvj=0&vjs=3
Associate Product Cybersecurity Engineer,BOEING,"Austin, TX 78701 (Downtown area)",https://www.indeed.com/pagead/clk?mo=r&ad=-6NYlbfkN0BddK4H-tsabPiX3BvkwhvbvP4OkLNzlRX6egXJy9Hb18t9Bzu37hPjbdr4l2-1QrmKiU5WESH76aP9w1mLDYyoLpCN3QpSTRkZNI-GBbmFzww6SuQmfdP_yPh989iVzdvs5EcuzhI_a-RUfCNTxAJaG8003FLEutq-G0-kvrYDzQj_cDkVNEimu3EPILfK-grOEz9w8xMdBf-TVOs-jiNX_5LYRaequa-T86Qn2R7FdEngcmZD4MICg19Btt3hCGFUsv2CDPhIiPWUuZsuhxkmMd7EqPPhFppaKb_sXFHqhpCDidtsQ1KgizivR5FNMmHqpqHnYisuum5R-b86_2wqRf33YR-A5QEFIx3xKDxRnTZN-4WT4MtEmB6DL4Cbd4VJCb7imros4wQXOWC2PUE-9od4Z1wvHTE=&p=7&fvj=0&vjs=3
AMP Discovery Fraud & Moderation Business Analyst - Austin,Apple,"Austin, TX",https://www.indeed.com/pagead/clk?mo=r&ad=-6NYlbfkN0BvKrLyj5gPmtZO9T8euul8TCxuuKNOtzRJOomxnwSEodTz2Bc-sPZlADHp0xxmf8WXYypBcgYaw_InJ-6n3NTXhSkKGRcv_spFKX8jCUifozEEdzuF7FsNDz2PJCtt1ZLT1F-0RsggzSaBROm2Hfax8875dlfWtP5p6mgPBVHnBxIU_WEtl7u1HR_1TjYhPeYyfYp5-6oqFb-I5knSf2ib2pItc2M93HXcgL3shq2uj2tNcsd4bxk5iasFD4gxOwzWU1i1iEdqN1wvm6z2UhPdVQrRSnOLl0NK-qZ6z7smDiccs1tNDM4ICPr_1LeuFnrTSZm384jPJuNg6C0sNYUJZfKNymczx4lj-4sWTI8DcUVocTKYtc0H0poVjDOwftlk3Y1pWO4ZYkUxGBJlAjICCYet4w335oeY30IsDm7j_TIKMXD_9oK05ycX7A1ZDDpeA4SnfEpEiLVmB1UbxckJhOMlvshHvTPzwxWgkz6tlc0b8KvoOYnaUOBgvhZyYoEFBOk4bk3jc1bfJcPrvKON1Na0Y-zUF1-FmU6TYzCQuuG9ZaoJ-StQ9VmsCjBoI0kcc32VUKv0bMFmPshY9sj_&p=8&fvj=0&vjs=3
Trust & Safety Strategist,Indeed,"Austin, TX",https://www.indeed.com/pagead/clk?mo=r&ad=-6NYlbfkN0CiRNM7CVr8YueLFKlzwbFWI0o7IjV438l4sVrvKZ0flkywQJjHRBled-d1C4WSEL9OzafnDbH_jkPXI9-fYM8emK5F5gDTpeFf0rBdS_YKD1CVWABZPPYOkZKSXkrLv5Vnm5jdyIrqrFt2YTyIVWEY0433QRnDt-PZ0X2OkkyMaIO2ANpC4ppOHRcAI16iOtVyCI6zbMFiQ6KuaNUzrXiGJJiyHnp6U9lmLUWxlKCMbZHuBy9WEJ66LCp2d7eI5FaGL-KYffcN0bXXMaY26JakW0bCFXu6kqC-2NBJ0uuDI0U3G2XihMAJGd2PFmZPyVXdGV-oYvEeg-AjiNijBpp6XmIXNCUuSivX4R-0a3xCQDj1RTAWlIPc05MGzbUqlGkyhO02LuyYhw5Bs558D3tjXIL0r5JJue8-QzmYEAqTtRY1i_pBIMcKdU4OrdpKHpWowJ292RodepFe2FhejfgPLUwtBdeOVpyoqNNFPKGsAJgwPrjL0cD7TpON9CtMQ2RCJ_4akkfIOhRstuz0-mzNj9mFo725ttTRCurc7oYYtg==&p=9&fvj=0&vjs=3
"Data Scientist, Wallet, Payments, & Commerce -",Apple,"Austin, TX",https://www.indeed.com/pagead/clk?mo=r&ad=-6NYlbfkN0BvKrLyj5gPmtZO9T8euul8TCxuuKNOtzRJOomxnwSEodTz2Bc-sPZlADHp0xxmf8XwObGmk4uJXIhA3UYexztakzJUFJZvl7tBcs2S3PgadvvZo2LHTeNiRFhJOa8NIPqd_JaZYcILgj2oyZwExk7fziXF9v2xVjJQRf5FyPTjJIV8simDFeKeoSEw1-ptOpMF8w17zIzRM-ccBYs-yLURe-nvZjI_Z0jesDYtKX_pF-s8JjtGkVcLzHSohRoA_ZLSdsiEOvQ-euycNfdmomc1A9s21ctg-jAcH3a06PzEmKl8ihflLY8_7W9aIswFG-vv-CKZgaykd0BC5gnc9sxfpCXV9RGIUa1-YxzsdkrVze0nyUQQWAxb9YPXfwyug3WSmBMTGY6ZhoDIytCIQuGb5lMDexoSwEouzNJICFHdTPKsHryIj9mXUDLNtP7qp3Pcpx1Ct4KeWL-Aod_-HBhDWmud79iN8gURgurn6a28FnquhUpc61UjHfy7V0wp64kjBgzQCrAxdyFkHpt7IvqY6LD6q75tu86vbqCmo0whyfVZ7SNoClBuIY7J5XaimtOm1SUb4DZPJSij1vi4N3R9uPZRUToCU7Y8pMRfCOVWiRV0LP2BdrvR7UNBuUIP9xQ5Q86R0zG8hkMdG2IAGeA9aOjN1tDYuuSM_IfD83qqLocxMSZ4HY3t7pWrtMmwq-QSK6IIosnBLveYlBJcUssj2hBZjbJRmIBHj0sqXMCk8LDmPQtu2Ge59_9uQ53YjKVRCDm8J0WzPyb7GK7aWv-Jafum6feE9oUDQvFTgBKRRCLqAu0zpWYe89gJ4P5CfkSzE6qxk0qS5sdptqkNaFhbc3YdNE9M9Rst0jVVMMUoL8mV-_voIIhh1Mqpgki0KAxjNTH6lRNgeMDUI5988o-ja8KMjupR5nQc2fV2bmyZrxlumQ_bX2EOW7-tJ_OF7LcMRXG1XAtGwA==&p=10&fvj=0&vjs=3
RTL Design Engineer,Apple,"Austin, TX",https://www.indeed.com/pagead/clk?mo=r&ad=-6NYlbfkN0BvKrLyj5gPmtZO9T8euul8TCxuuKNOtzRJOomxnwSEodTz2Bc-sPZlSXfvz6ygy0sWKjWeeT4e-o9u8oQpQErG-DThGmUKemQndIcali2UG1emCR6NpGLVbvWBnhZHRFl9hcUQCv7hUgf2SHS8vE4DAsIeTg9ptYxi_TKdS-oier4fpP7ppYaB-wNWtpwjoA4lfTjgapZ09w4K7B3W5WfwllOEcB4d1k1EjhB-LQL5v_XywBTu5DHMD_XIuCa0mmQq-zS4fwmds5rBxr7JidiS_ThJkMemMku7SofFruIl7AcAdm192KG6nSOg7eWFxnjcdLhN_L_R5wfcpYQxrvmRw0OeIFyObDmSUE28cP5hwDz8QjWKYf6j321LLkRNRqrGgqCh2sQe8iEYsXDjiZ-zYT9u5Rrmmic68VFv1gB57zTlzknEGWrsqlTVsK-4tQ8mqcaRuX7Zq1SkkQ4XsSHZlu6X2FqxC0OwqHS8hsld4M_hrtXJauFI77ysEHRrf4MILcYd4AojKW0643MnffUbepMRFYXrt5JBa1eTAQsT0erAnqubl2g2o1UqYSuT1WhU9T95j4Xd5tNy9Wxxw0_U0tKdFCdeLcnpA-f7DI5VVa7h40jTS9KgVj8BkKgM6nODC20uUM52J9wZlpqKO77XvxbGASRF9kAae8gV50_rnPgYohjQXXndpUQ3oi9UYriF7cUF127bxS166s2Fl0hyD0RUVZwCxvQcIDSYw_HOK9nl1Puuiy55cZiDrABVv1ZKaN4NWjNkC4QyhCeFsYLdJhdZt6ulC0dPIPjHCYlNpwQ92ADiM5UCJlNmfNEGkSSXCSWbLEA8A4j8E2oZE7vlA34kCKL2B3f2TAWRz0AFG13gqHwGFG4y6f-cQJF1dauwb1GlR8sB8iyBvLCsCEsTV1UmSHlLoxQkyBcfMWKlGg==&p=11&fvj=0&vjs=3
Field Design Engineer,Apple,"Austin, TX",https://www.indeed.com/pagead/clk?mo=r&ad=-6NYlbfkN0BvKrLyj5gPmtZO9T8euul8TCxuuKNOtzRJOomxnwSEodTz2Bc-sPZlSXfvz6ygy0sWKjWeeT4e-qsnL1ubG8Q5qvjwlfSD2D1q_zHKX6qLIQUOzpp6nSIJtDetUTsRF1XKufqb7ygcpIS9TqCtXuBqXjqVIWuQBJ7MZVHMo4w3LI2Rulgmm_tvrCGnKVdIbqFatL_7SqWK_KCW1DgEMQvr_N8qQWgkBlBt7VhAAp2FFEdfjHWxDj9K4h2hz6wbQEZH9QU-4lSmuYyu7HV2fUMWbPGkahbu-YB_Bjq5Koi2s1ChWbBK6DML_1H2v1T7jxD_u-RXag_gfHxxH2sXHrOWDh_7QjHIz8Uc1lbEkggajHMhckJ-gwmaChMm-k6FOpttRS8Mti_XTosJB3HRBKpJh6CiAAaDYN6B9j9UTIzFjzZfaPXtR9A3DiYw2_ferGvJ3PVD-uKk31NXXddTGmtOKGL7FNBiBhESflBVrWn-aVPBuv4xjgik9U-vrbqDxWxZU4cEYSvOPywCVUIz6w_X5ePXbHQhn39pb1chRzk9RojMoZWbPj-vzjqv-7vE4M-j7tKwL3AC0PfJbJNChBImVY0J_nL4HCZNloi87fu6ojshZMD0AkjBm5xnrAGNuM0stwdgOXQKE756pkMOtUZklvnOWaIuvHIuCCzIs0YtCTiDo-p-zmuBZjJ6krjMsvKGRXJ9lUykAryEDrkMAh2jx_0A2oU9qLDV7sQg8GJ47yEX-CmjmhrGOHqkG3nAbjJqwCfUh-VnO7vUqsv_D2L9AjAcdNpan2Z3H4XYzLQV6fkF1PoJtidclnDu13nax8MoogKE6v6bX1Q0ZS6O7IIVzmmmniNw4q8SbBpVdAAmsiNGf8qSBKjNlnAAYO7m5-gpMY1aVqJfPjqliedi0Ti1Bpogr-RWoJGuWD1npy7UAIW7GdDGhrf2&p=12&fvj=0&vjs=3
Incident Response Analyst,TikTok,"Austin, TX 78745",https://www.indeed.com/rc/clk?jk=091f2fc23741e6bb&fccid=caed318a9335aac0&vjs=3
Data Analyst,Dept of Family & Protectve Svc,"Austin, TX 78751 (Triangle State area)",https://www.indeed.com/rc/clk?jk=9b519c43f012528b&fccid=113517153f849886&vjs=3
"DATA - Sr. Data Scientist (Python, R, Matlab, Cloud) - Remot...",Addison Group,"Austin, TX 78759 (Arboretum area)•Remote",https://www.indeed.com/pagead/clk?mo=r&ad=-6NYlbfkN0D2ZZJrNSLWkuWgkN28CDhWSNpZr-3qYw3O0res6wDGcWH1zBsd6yDOo7bxc9cHPcSKYjOUqj79BjCOC_9bOkCHU-Ayoh1E9solBCFBSwo25ppJC2Ea-nlGcg8gBas2326wcVtGOaaGZLAhUWfo1JnN0uVIqQCCYLyq5A4PAvaqKZzqflg2D8TTMakQ8AO_o5EvR7ghtRmdgby8NJ4kBhYRweXAD_AwGHzna_xmM8EWLEKfghb3L9qWJEUXVnJ1NTx5VqJpMucP-ubkMeXl-sNoDfz6HSEqq83KJRBYDB3VaHBuuHuWAKH9OxBcsaqrZj9y9oBrLXcaZk5_x-BszPEHOEbTPZKfyyv1eYP_-zssPHgvk-mthx-9SsvDaa3BvLBMr55GX1fAmY5FtVTOfMwTKVWPc5F2UIGDkwL_Tj8X4rquh9JnjESOxYD8TxkkMlu8fkgK3iPzRnkkPj_OehAToIcL99wjM2vi_0AdqrtSSgo8R_Ky7g_56R1ewaS__WQ_YpuzhV6bljYnuIlllJfHQaKHdEp-bSs-eOhgUbQcGbhKLYquOfhPbUderZdUQZqWC9mfmoMVzA==&p=15&fvj=0&vjs=3
Python Engineer,CyberCoders,"Austin, TX 78746",https://www.indeed.com/pagead/clk?mo=r&ad=-6NYlbfkN0CpFJQzrgRR8WqXWK1qKKEqALWJw739KlKqr2H-MSI4eh4ZOxqVaUrhNSyjVEAq5t5zkOVdfCF7G0UM2QzYWep2wE6RGQrJ1iH7HIN8JTxz3f2iuJe4MuC5ANRrK1TMmZ3E74PgYXYjLFk1ykWZtA0N-XUJh-9NUpHoAlobJ1CLbIVL2sVbogrWvWi6TuNY0H1pHlkMaS2vAu1l5GU4vNNCKtSKNDQFi6Oxz1wZVYNfRKW8J5nAPp7gjkB8MTkqut-AU0yGjK7uFJvJoeFFap6aqnUNkdYN3DW7E-kI1FJUiIwW4QWGxo5GvP3YHFC1Xy57oJv9zjZuXTTXPFhVQUf30j5JZS_NTJD7Cl833EfvUqOpWf17Q63tGSI2U46K7IazmPOx1og8fFk2Kgf3iDAo56AMWQNqhPQLE7mMGlHdX3ALW0OTyx_P7lqQGBrIX-hcXfNZlQsJdQAgvcZtHM1iZRoHELwMzqDokK33NZSlXDZ8BdUNxQCboPWpEaIuHUztLidLn9AfFJdwadU0zP7zlPS5FDTSvPFc_-NC_TASEWPZJm0OUHPNrn8RQZ_t0iRSHQfDvyQJsV1qSKMGdKDO2GIldVEV2WLVJ9B0hVbHQsq3cg4FPm_K4iwrUww64xMJmhS3bczcjCysFcQLA0aEw3FoY9napZZ-pZGjlBOoGDjkpnN0oczzJGY-98zHpWI53srYGd-5wK71K0RhxzfuoO5KKEk66IA_uz_zkEY4lfZN5l37Ss6TmTMcF2NPVDDykTiriCWjIJQz38aer9Bgm0zjlNGflMU35i1qHG_aO1F3XAy3jh-jKchYaUydA0C0-RX6h86X4zAuI4HvrWTAnvCm8R4d-Z_9swqy5CJ-eOh7WtKrrzHlh0NnKRprorKYsLPSKLJSWQy0z6sPfwyJJhRm3ByAmEhUldtrGvLUCa7F-KzcehtsZQVK7B2oN67JGwNlap1PIkfWatchNtIQkSThmQ3JPlz8Maypf6nF4Q==&p=16&fvj=0&vjs=3
Backend Developer (Python/Rust),None,"Austin, TX",https://www.indeed.com/rc/clk?jk=db729a458f10e86e&fccid=dd616958bd9ddc12&vjs=3
Data Analyst (Remote),Central Health,"Austin, TX•Remote",https://www.indeed.com/company/Central-Health/jobs/Data-Analyst-ea019f9250486281?fccid=c94a7ec764b15f7e&vjs=3
Vital Event Data Specialist,Dept of State Health Services,"Austin, TX 78756 (Brentwood area)",https://www.indeed.com/rc/clk?jk=58433178f5b1a9b1&fccid=113517153f849886&vjs=3
Assistant Statistical Analyst,Pearson,"Austin, TX 78757 (North Shoal Creek area)",https://www.indeed.com/rc/clk?jk=461e18f84c06c280&fccid=915b1c0ee87e5e8a&vjs=3
"Software Engineer, University Grad",Facebook,"Austin, TX",https://www.indeed.com/rc/clk?jk=53024e28b1493d86&fccid=1639254ea84748b5&vjs=3
Python App Developer,None,"Austin, TX",https://www.indeed.com/company/Noteable/jobs/Python-Application-Developer-e0a3bcc083feef45?fccid=e4c109042d4d390d&vjs=3
Python/ ETL Tester,Intone Networks,"Austin, TX",https://www.indeed.com/rc/clk?jk=085a7de8ddf9c330&fccid=3ed0572c448b2368&vjs=3
Software Engineer - Embedded Systems - Entry Level,None,"Austin, TX 78757 (North Shoal Creek area)","https://www.indeed.com/company/Atonometrics,-Inc./jobs/Software-Engineer-f6ea1fba90fa6d83?fccid=ebf5b22d3e4d2561&vjs=3"
Reporting Analyst,None,"Austin, TX 78757 (North Shoal Creek area)",https://www.indeed.com/rc/clk?jk=ee199deb4bcfb9da&fccid=ba8c2d13c89ce951&vjs=3
Part-time Data Analyst,None,"Austin, TX 78724",https://www.indeed.com/company/Montessori-For-All/jobs/Part-Time-Data-Analyst-7ee16c06d41d1955?fccid=568849865c22e9df&vjs=3
"Risk Investigation Manager, Incident Response Manager",TikTok,"Austin, TX 78745",https://www.indeed.com/rc/clk?jk=0af30d0b243a3750&fccid=caed318a9335aac0&vjs=3
Python/ETL Tester,None,"Austin, TX 73301 (St Edwards area)•Temporarily Remote",https://www.indeed.com/company/IV-IT-Solutions/jobs/Python-ETL-Tester-a36ac85c6c1d909d?fccid=f7f8e2d3d49abcfd&vjs=3
Teradata Python AWS Developer,TCS,"Austin, TX",https://www.indeed.com/rc/clk?jk=501e1af8bbd88a10&fccid=c78fdfc4443d4537&vjs=3
"Software Dev Engineer II, Amazon Fashion",Amazon.com Services LLC,"Austin, TX",https://www.indeed.com/rc/clk?jk=bd4ac9c458ea240c&fccid=fe2d21eef233e94a&vjs=3
"Software Engineer, 100% REMOTE",CyberCoders,"Austin, TX 78703•Remote",https://www.indeed.com/pagead/clk?mo=r&ad=-6NYlbfkN0CpFJQzrgRR8WqXWK1qKKEqALWJw739KlKqr2H-MSI4eh4ZOxqVaUrhNSyjVEAq5t5T8dNEQw3W0yFVgEOb2zlrIfHkrx7PYcuDLq6CZlJUiwj667jGoaWGlQ7CUU28-jV_kg3tEz6pDWnf8siTp5wTL2ZLsbBkDo03ANpe4D1LA6P2sunCZy5GUG7R_loiErGqrbx6ekFQncQw8fXOUJbVELzBjW2zYKRwP5Nft4zuo8DS0PWtd3uaY6qnpCwp8CxPgnskJ11chd05A0M2cRsXFVQjHr_fpUT_lz95wZjrxdy2eaYeFUxcRhD4IXhnLixVUuGHf7A91EloiaFvEnCBpa_vXk0qsHVR-01kRMCeZRt2dzxSKDLoEHGyr8YQZz1747oCga7ukLEWDWgILqdRjGijUcLSEPSeRny3XZvDCSRXaxWoUQFLqRxAIsuTV80rQnNVc-KNuMLDGDQ8gSsXS6bvnrCiV91ocnvod5oFvz6T0y1--qHN2F99ELmrFKUzFGkeAihJXgCgiLxdA-vf6Te6L9RlA5Cs3c5hWiX1m02LXOMQmM5d8wZKKbJTcV0i6oHDUV5Yo48i7TedgmAkSxFDt-7jgTD4FiYZK9aTDjWfUwvUGMUo270bM9XbJxb7Eqi53D3DAshh43HqvbVVYJ_s4LhOLGuXHp60kaHdXFgqVqk1rTY6AKE01iNFF1ssVF1WoRrJnvAPLkEkSueDLxgPoiyOTbh2E6vz5AuCkLUtxepiIixi7kUs5c1PP2p6GRZp1GIsiPmW3QX8swdy6THWJw4LqhQOJ-ws-cK5BUhl5LPdwM6Cil87w-iEeG_i1E1C93fpBCpnTVn9CxJerqUw3uL2BuxviMVSRWLK36Byp9z5tSPpsNbvh4tYKgLFC6L0occELEDsTlEAOtMD0TWiy2cwMYt2d6Qx-A3YJ_x6TIKrMa16vsqnWJL2OmcMtf_kwCmD4ltV3ckl0cUi_H9Hv-BuuCnrmGYACW00Zw==&p=31&fvj=0&vjs=3
Applications Engineer - New College Grad,National Instruments,"Austin, TX",https://www.indeed.com/rc/clk?jk=281845023428bc62&fccid=a58f4ec5f9211270&vjs=3
Entry Level DevOps Engineer: 2022,IBM,"Austin, TX 73301 (St Edwards area)",https://www.indeed.com/rc/clk?jk=39d242813665b403&fccid=de71a49b535e21cb&vjs=3
Data Analyst - Fresh Grads Welcome!,"Entegris, Inc.","Round Rock, TX 78665",https://www.indeed.com/rc/clk?jk=d5ef9bb349db1ce3&fccid=537cd40d1157d889&vjs=3
People Data Analyst,Facebook,"Austin, TX",https://www.indeed.com/rc/clk?jk=79419c6c15531222&fccid=1639254ea84748b5&vjs=3
Cell Test Engineer,Tesla,"Austin, TX",https://www.indeed.com/rc/clk?jk=fc209e10b722d615&fccid=86e9be6ce380173e&vjs=3
Test Analyst,Blizzard Entertainment,"Austin, TX 78717",https://www.indeed.com/rc/clk?jk=9a134a32d44a2c3b&fccid=645d83ee4cbe1d25&vjs=3
Business Analyst,Vaco,"Austin, TX",https://www.indeed.com/pagead/clk?mo=r&ad=-6NYlbfkN0D_sybMACCpf9B-677oK5j6rPldVB6BlrVvFjO_o-GJZbzuF-qh4PxErFUqfUsv_6uTdR2IiYiffsA9e2Rw-WInlxsxhtszzAspQhlxhPCWf_7bx33xWN-YNq6iJULyDcPoWJ62f5oxsf9tS26Z7Kl1fKX9d7MFc6YOOBHDFx3ppuiFKsk2z6x20Ihz8Dw6fgrYekSNpdwpdzLJnJmMOi56_lnx8abLDMox027gkGfLzwUH3fJaE6M_3ql7Xn9jrCMzFeucWMnfg1eYnPbrx8ThwDpZM03E-uFt84U7FTn6RGOcnS1zc1gZxlE3yRqhLAOJsbOTE-Bn-UaGTAUktW-i60NTW1C0Kxio2QLH4kA1UnrRdPFXEbWgiHKi5dRwacaWsoI4PS4I--sHFX_tQBqmTUrdzwi_wMPvxBHzTsM-DeHUtD2Dhf0Zo8vciJPib-2dp1MXOIMeDJH_hahQLe2eWcPG5XVJHfP0QU0wpbQvlnJguPmTv2lfi8PgUIvuvrP9xNdmu2rSQA==&p=38&fvj=0&vjs=3
Python Developer II,A+ Federal Credit Union,"Austin, TX 78723 (Windsor Park area)",https://www.indeed.com/rc/clk?jk=054cfd660d540d71&fccid=ffe55fbc5a0e05a1&vjs=3
Business Analyst- Returnship,Amazon.com Services LLC,"Austin, TX",https://www.indeed.com/rc/clk?jk=de2e0fac904ee208&fccid=fe2d21eef233e94a&vjs=3
Advanced Analytics Researcher,The University of Texas System,"Austin, TX 78701 (Downtown area)",https://www.indeed.com/rc/clk?jk=9936a823ef9d452e&fccid=9e62c32ddf5d716d&vjs=3
"Data Analyst, Data & Analytics - Austin, TX",None,"Austin, TX",https://www.indeed.com/rc/clk?jk=f977e7f557a0f4d1&fccid=82a62aaf7c9b4b57&vjs=3
Business Intelligence Analyst,Babylon Health,"Austin, TX",https://www.indeed.com/rc/clk?jk=1da610dae5badfd5&fccid=c2ccde89741d2131&vjs=3
Quantitative Business Analyst,Apple,"Austin, TX",https://www.indeed.com/rc/clk?jk=0abf9194f2d3f3ea&fccid=c1099851e9794854&vjs=3
"Data Analyst, Community Operations",Facebook,"Austin, TX",https://www.indeed.com/rc/clk?jk=10d25fd60cbeb6d2&fccid=1639254ea84748b5&vjs=3
Technical Data Analyst,Facebook,"Austin, TX",https://www.indeed.com/rc/clk?jk=2949c488980a6370&fccid=1639254ea84748b5&vjs=3
Junior Data Engineer,CCS Global Tech,"Austin, TX•Temporarily Remote",https://www.indeed.com/company/CCS-Global-Tech/jobs/Junior-Data-Engineer-eccb8bd822f69032?fccid=91f933dd8e7dd750&vjs=3
Data Analyst,ShiftKey,"Austin, TX 73301 (St Edwards area)",https://www.indeed.com/rc/clk?jk=282d5086bc9938e0&fccid=97f1584d4007ad51&vjs=3
Lead Python Engineer,S&P Global,"Austin, TX 73301 (St Edwards area)•Remote",https://www.indeed.com/rc/clk?jk=9e4ce3b5704f413b&fccid=b716e44d2c6283e7&vjs=3
Business Intelligence Analyst,Babylon Health,"Austin, TX",https://www.indeed.com/rc/clk?jk=1da610dae5badfd5&fccid=c2ccde89741d2131&vjs=3
Quantitative Business Analyst,Apple,"Austin, TX",https://www.indeed.com/rc/clk?jk=0abf9194f2d3f3ea&fccid=c1099851e9794854&vjs=3
"Data Analyst, Community Operations",Facebook,"Austin, TX",https://www.indeed.com/rc/clk?jk=10d25fd60cbeb6d2&fccid=1639254ea84748b5&vjs=3
Technical Data Analyst,Facebook,"Austin, TX",https://www.indeed.com/rc/clk?jk=2949c488980a6370&fccid=1639254ea84748b5&vjs=3
Junior Data Engineer,CCS Global Tech,"Austin, TX•Temporarily Remote",https://www.indeed.com/company/CCS-Global-Tech/jobs/Junior-Data-Engineer-eccb8bd822f69032?fccid=91f933dd8e7dd750&vjs=3
Data Analyst,ShiftKey,"Austin, TX 73301 (St Edwards area)",https://www.indeed.com/rc/clk?jk=282d5086bc9938e0&fccid=97f1584d4007ad51&vjs=3
Lead Python Engineer,S&P Global,"Austin, TX 73301 (St Edwards area)•Remote",https://www.indeed.com/rc/clk?jk=9e4ce3b5704f413b&fccid=b716e44d2c6283e7&vjs=3
Associate Analyst,Vectra,"Austin, TX",https://www.indeed.com/rc/clk?jk=73bd269317c29056&fccid=22efec3ff19e9e26&vjs=3
"Vice President, Strategy & Operations",Dun & Bradstreet,"Austin, TX 78752 (Highland area)•Remote",https://www.indeed.com/rc/clk?jk=58b74262229bc97c&fccid=fa0ca3b638673d62&vjs=3
PDM Data and Reporting Analyst,Accenture,"Austin, TX",https://www.indeed.com/rc/clk?jk=2438cfc61ba81012&fccid=a4e4e2eaf26690c9&vjs=3
Performance Tester,None,"Austin, TX",https://www.indeed.com/company/Formac-Inc/jobs/Performance-Tester-e217306e822dad7d?fccid=5d3c8c2c09f20e52&vjs=3
Software Engineer,Microsoft,"Austin, TX",https://www.indeed.com/rc/clk?jk=39a2649a9ae9c6a5&fccid=734cb5a01ee60f80&vjs=3
"Data Analyst, Partner Health Monitoring",Facebook,"Austin, TX",https://www.indeed.com/rc/clk?jk=22df4695dd8edaf3&fccid=1639254ea84748b5&vjs=3
Python Developer,Novogradac & Company,"Austin, TX",https://www.indeed.com/company/Novogradac-&-Company/jobs/Python-Developer-af658b0119155224?fccid=547dc8b84c011e64&vjs=3
Business Intelligence Data Analyst,PayPal,"Austin, TX 78729",https://www.indeed.com/rc/clk?jk=f83859802a88b642&fccid=978d9fd9799d55a8&vjs=3
Jr. Systems Security Administrator,IBM,"Austin, TX 73301 (St Edwards area)",https://www.indeed.com/rc/clk?jk=9bbdca5ef122c97b&fccid=de71a49b535e21cb&vjs=3
Support Engineer,None,"Austin, TX",https://www.indeed.com/rc/clk?jk=a92e7dbeb671d49f&fccid=56e50a7c7452f951&vjs=3
Quality Assurance Engineer | Fashion Technology,Amazon.com Services LLC,"Austin, TX",https://www.indeed.com/rc/clk?jk=1ec9711c6917b2c2&fccid=fe2d21eef233e94a&vjs=3
Business Analyst,Atmosphere,"Austin, TX",https://www.indeed.com/rc/clk?jk=09475394b2e5e461&fccid=2398e596a4672a6b&vjs=3
Test Engineer - Tesla Bot,Tesla,"Austin, TX",https://www.indeed.com/rc/clk?jk=65845fc0b2cf0765&fccid=86e9be6ce380173e&vjs=3
"Operations Leader, Cell Manufacturing",Tesla,"Austin, TX",https://www.indeed.com/rc/clk?jk=3a1a8ce44ebb923f&fccid=86e9be6ce380173e&vjs=3
Lab Systems Engineer,Intel,"Austin, TX 78746 (Barton Hills area)",https://www.indeed.com/rc/clk?jk=c340c84f72eb5f81&fccid=f1374be6a45f4b8a&vjs=3
Cloud Engineer,Pearson,"Austin, TX 78757 (North Shoal Creek area)•Remote",https://www.indeed.com/rc/clk?jk=5ba686826643aef0&fccid=915b1c0ee87e5e8a&vjs=3
Entry Level Validation Engineer,Cirrus Logic,"Austin, TX 78701 (Downtown area)",https://www.indeed.com/rc/clk?jk=7d969b494bc9ed69&fccid=9fa86166624bd016&vjs=3
"Engineering Technicians, Cell Process Development",Tesla,"Austin, TX",https://www.indeed.com/rc/clk?jk=358cfb6527316265&fccid=86e9be6ce380173e&vjs=3
Python Developer,None,"Austin, TX 78703•Temporarily Remote",https://www.indeed.com/company/CompuGroup-Technology/jobs/Python-Developer-36b2eeddcf4e203d?fccid=70efc9a420e7df90&vjs=3
Entry Level Test Automation Developer: 2022,IBM,"Austin, TX 73301 (St Edwards area)",https://www.indeed.com/rc/clk?jk=8daa3ce31f35457c&fccid=de71a49b535e21cb&vjs=3
Supply Chain Spring Co-op - January-June 2022,"Entegris, Inc.","Round Rock, TX 78665",https://www.indeed.com/rc/clk?jk=3c806e1db9663b0a&fccid=537cd40d1157d889&vjs=3
Legal Investigator,Facebook,"Austin, TX",https://www.indeed.com/rc/clk?jk=ff909d29dda3c8f1&fccid=1639254ea84748b5&vjs=3
Overnight Learning Assistant - Financial Technologies Progra...,Trilogy Education,"Austin, TX•Remote",https://www.indeed.com/rc/clk?jk=7a363b20d2df6e34&fccid=44e83bef98759943&vjs=3
Data Engineer,None,"Austin, TX 78727•Temporarily Remote",https://www.indeed.com/company/Ryzen-Solutions/jobs/Data-Engineer-ea64039790369c67?fccid=f60f0f1edb9350c6&vjs=3
Atom CPU Junior Performance Architect,Intel,"Austin, TX 78746 (Barton Hills area)",https://www.indeed.com/rc/clk?jk=edc8fd692c838a96&fccid=f1374be6a45f4b8a&vjs=3
Python Developer,None,"Austin, TX",https://www.indeed.com/rc/clk?jk=c7f3364615805106&fccid=3800c35bb29ac508&vjs=3
Analytics Program Manager,Facebook,"Austin, TX",https://www.indeed.com/rc/clk?jk=73762e5273180d1c&fccid=1639254ea84748b5&vjs=3
Data Analyst,Peddle,"Austin, TX 78701 (Downtown area)•Remote",https://www.indeed.com/rc/clk?jk=7e07c93d0fb8a283&fccid=101a4deb6875aab0&vjs=3
Finance Data Analyst,None,"Austin, TX",https://www.indeed.com/company/Celsius/jobs/Finance-Data-Analyst-0417fbfe2579df27?fccid=41499924c3ef730c&vjs=3
Quantitative Researcher,None,"Austin, TX 78746",https://www.indeed.com/rc/clk?jk=2bc55c266df90304&fccid=121c825a7e300352&vjs=3
Senior Python Engineer,EPAM Systems,"Austin, TX",https://www.indeed.com/rc/clk?jk=6c9fce536d882fe9&fccid=532afac41b2663f7&vjs=3
Operations Python Developer,Hudson River Trading,"Austin, TX",https://www.indeed.com/rc/clk?jk=4a01bb894b3c68e9&fccid=01b91641951e8886&vjs=3
Business Intelligence Engineer I,Amazon.com Services LLC,"Austin, TX",https://www.indeed.com/rc/clk?jk=f18c9489d6f5930f&fccid=fe2d21eef233e94a&vjs=3
Microprocessor Verification/Validation Engineer,IBM,"Austin, TX 73301 (St Edwards area)",https://www.indeed.com/rc/clk?jk=716db4fc4ea70e5d&fccid=de71a49b535e21cb&vjs=3
Mechanical Engineer,None,"Austin, TX 78757 (North Shoal Creek area)","https://www.indeed.com/company/Atonometrics,-Inc./jobs/Mechanical-Engineer-ace62c2d3666a3be?fccid=ebf5b22d3e4d2561&vjs=3"
Software Engineer,Schweitzer Engineering Laboratories,"Round Rock, TX",https://www.indeed.com/rc/clk?jk=852f7e44cff5cb5f&fccid=324ef2bf5e6f2144&vjs=3
Data Analyst 3 - Social Slots,Zynga,"Austin, TX 78717•Temporarily Remote",https://www.indeed.com/rc/clk?jk=f21c2df32f8294f9&fccid=f379417fa48d0010&vjs=3
Industrial Staff Engineer,Samsung Electronics,"Austin, TX 78754",https://www.indeed.com/rc/clk?jk=9df3ab2c705427ce&fccid=da3c7fed78dd1607&vjs=3
Tableau Administrator - Opportunity for Working Remotely Aus...,VMware,"Austin, TX•Remote",https://www.indeed.com/rc/clk?jk=b28048d939967576&fccid=c762a27145bd166e&vjs=3
"Security Engineer I (Pen Test), Offensive Security",Amazon.com Services LLC,"Austin, TX",https://www.indeed.com/rc/clk?jk=d43aa59b773be760&fccid=fe2d21eef233e94a&vjs=3
Cybersecurity Threat Intelligence Analyst,HP,"Austin, TX 78728",https://www.indeed.com/rc/clk?jk=c55c61399b04ccc2&fccid=1b866506aec22461&vjs=3
Software Engineer II - Salesforce,HEB,"Austin, TX 78702 (Holly area)",https://www.indeed.com/rc/clk?jk=2f2e78fec2ba557c&fccid=c629e32155ebd42c&vjs=3
IT Support Admin,Aunt Bertha,"Austin, TX",https://www.indeed.com/rc/clk?jk=e4520eca01d7f414&fccid=e2f45e068ee92bf3&vjs=3
Sr. Python Developer,TCS,"Austin, TX",https://www.indeed.com/rc/clk?jk=a9208b5e7d971d4e&fccid=c78fdfc4443d4537&vjs=3
System Validation Engineer,Intel,"Austin, TX 78746 (Barton Hills area)",https://www.indeed.com/rc/clk?jk=4d1b4d4128b6deeb&fccid=f1374be6a45f4b8a&vjs=3
"Workforce Planning Specialist, Global Operations",Facebook,"Austin, TX",https://www.indeed.com/rc/clk?jk=cb96c961eeb6106e&fccid=1639254ea84748b5&vjs=3
Industrial Staff Engineer,Samsung Electronics,"Austin, TX 78754",https://www.indeed.com/rc/clk?jk=c81ca237e773ddca&fccid=da3c7fed78dd1607&vjs=3
Entry Level Cognitive Developer: 2022,IBM,"Austin, TX 73301 (St Edwards area)",https://www.indeed.com/rc/clk?jk=44e3ac8c830c369d&fccid=de71a49b535e21cb&vjs=3
Business Analyst,Freebirds World Burrito,"Austin, TX 78717",https://www.indeed.com/rc/clk?jk=8ddd76aff351e900&fccid=660f93bda9609d05&vjs=3
"Finance Manager, Google Cloud, Marketing",Google,"Austin, TX (Downtown area)",https://www.indeed.com/rc/clk?jk=e83c88e396afb2cf&fccid=a5b4499d9e91a5c6&vjs=3
Systems Apprentice Tech,Facebook,"Austin, TX",https://www.indeed.com/rc/clk?jk=c5f695762c306e47&fccid=1639254ea84748b5&vjs=3
Undergrad New College Grad - Technology - Multiple Locations,Visa,"Austin, TX",https://www.indeed.com/rc/clk?jk=b70e79e585bfa959&fccid=a3f737e511d9fc8c&vjs=3
Business Analyst,None,"Austin, TX 78759 (Arboretum area)",https://www.indeed.com/rc/clk?jk=08e73a9a61773fe8&fccid=0253e4c555406a4d&vjs=3
Automation Engineer - 114181,"Advanced Micro Devices, Inc.","Austin, TX•Remote",https://www.indeed.com/rc/clk?jk=9208019b3fa1fda5&fccid=b45c4b5a9c9a7448&vjs=3
"Systems Administrator, Insider Risk Operations",Google,"Austin, TX (Downtown area)",https://www.indeed.com/rc/clk?jk=93f91ce65b2a91e5&fccid=a5b4499d9e91a5c6&vjs=3
Data Scientist,opentext,"Austin, TX",https://www.indeed.com/rc/clk?jk=80522e092d70d2c5&fccid=c908408e676247d6&vjs=3
"Data Analyst IV, School Programs",TEXAS EDUCATION AGENCY,"Austin, TX 78701 (Downtown area)",https://www.indeed.com/rc/clk?jk=f001bb71dd952c0c&fccid=f80b1ab2ecf7173c&vjs=3
"Strategist, Email Marketing Development",Whole Foods Market,"Austin, TX 78703 (Downtown area)",https://www.indeed.com/rc/clk?jk=9dee2c4546dff87e&fccid=ea10be8bb95dc939&vjs=3
Global Applications Business Analyst,Oracle,"Austin, TX 78741 (Riverside area)",https://www.indeed.com/rc/clk?jk=2605dc38062d5131&fccid=cd22d01053af7669&vjs=3
Senior Python Backend Developer,None,"Austin, TX 73301 (St Edwards area)•Remote",https://www.indeed.com/rc/clk?jk=f1c68d13000c5417&fccid=09e02654c2f26bbd&vjs=3
Sr. Business Intelligence Engineer,None,"Austin, TX 78730",https://www.indeed.com/rc/clk?jk=934f80aa7bbb463c&fccid=966637de53b622b4&vjs=3
Software Engineer - Kernel CPU Scheduling - Opportunity for...,VMware,"Austin, TX•Remote",https://www.indeed.com/rc/clk?jk=2b9c4a48845c991f&fccid=c762a27145bd166e&vjs=3
Software Dev Engineer I,Amazon.com Services LLC,"Austin, TX",https://www.indeed.com/rc/clk?jk=3a1fba467465e39b&fccid=fe2d21eef233e94a&vjs=3
Python Developer - Core Infrastructure,Hudson River Trading,"Austin, TX",https://www.indeed.com/rc/clk?jk=830b80fb8bf306b6&fccid=01b91641951e8886&vjs=3
Windows Desktop Administrator,Tesla,"Austin, TX",https://www.indeed.com/rc/clk?jk=7f9c1524eda50bcb&fccid=86e9be6ce380173e&vjs=3
Systems Design Engineer 1,"Advanced Micro Devices, Inc.","Austin, TX",https://www.indeed.com/rc/clk?jk=8ddcb832c1ff6cac&fccid=b45c4b5a9c9a7448&vjs=3
Support Engineer,Patterns,"Austin, TX",https://www.indeed.com/company/Patterns/jobs/Support-Engineer-3f7074878117b5f6?fccid=aa2defdbd3742143&vjs=3
Engineering Process Technician - Electrode,Tesla,"Austin, TX",https://www.indeed.com/rc/clk?jk=8d59c08c26231e1e&fccid=86e9be6ce380173e&vjs=3
Quantitative Business Analyst - Financial Services Complianc...,Apple,"Austin, TX",https://www.indeed.com/rc/clk?jk=873289da346d338f&fccid=c1099851e9794854&vjs=3
Senior Full Stack Engineer,CyberCoders,"Austin, TX 78703•Remote",https://www.indeed.com/pagead/clk?mo=r&ad=-6NYlbfkN0CpFJQzrgRR8WqXWK1qKKEqALWJw739KlKqr2H-MSI4eh4ZOxqVaUrhNSyjVEAq5t7LcxwO4Dy3rK0jo9iSLE9E9j5kagm5h9YKzWwIB6Gn6P16U9qG2f_RNlV0k2uunM97eA4DSaoMHNqEXM6ji2M9TQiBcwOtCPkGoGIAQvve6T2YAn1Rzs-ugRRq_pczOBcLqTXSutdd7U-bPvYL-Pv-QwPeirNMmKR4ftL_HJL-OlAx8-er4enxpfyYMfBrzRhAOzNTUsqUuE30L9THTtd5IvjKfm65JZvp3MmZ7gbccFmLmKZ73eE5pcPyoJflqSlqDpDzmx-7c7aED2WsxIbqKDsHOtxS6lqpNw48FXsL__nNYbwRnBwqJFr_j67vda4PvXWNhy26JKSdYVvb5ur0b3wjbz5ZJRsqMRt9AkP6iOGujSIJL0zEkvnkK-vU8xagI7Qihz4JIq4JmG4rGgIU8xaZ5ovq8DrtTszI9rqQiMvNnzP3X8yLLXYs193QAGxnmHzvzcl-9cFAImhxdRtmaUkljcXVoHxP3wROsMulRTRKna6LxNT3NOPDNiKGhvWokuwRw8uR6vCbwPV0eYYeE6vQzStcRwPx0j1TY8MCUHOPekc2RZn95yM0yhbuBLFs7OOgk6WapGV4wZgfEW_VqX4vpUD32kGtvh2HZK2wd8NsWaFiML60p1Sdlf7ZUQefH5PmweBwXcltEloGd1h4fLbnJIn5H-KfWtvu44QRAp70VrePEeZGVj5OQfq6BCdd-zymdMXPElqWqcbdT6qzOY2DH-NJKOdLMB2VK1JzIeQOd4S3BzK1zjAIIJQ3AxbvrbcZTm-7bG1F8UljLK26yYYEMPTbbWL3hE0I42XahdU5P_ziAdnL-4h_SPFhs2g7QO_nMvR4pEhvcbTHqVbGSJixsDVG-S7i4WS3i83l11hpAlOq21M_HjAru6v4zlxR1w2AuojzPjTf-MYmYUPotmaeP1g5XBqNUSnjrYS-nTc8kC8AjxHn&p=26&fvj=0&vjs=3
Associate Data Scientist,eClerx LLC,"Austin, TX 78727",https://www.indeed.com/rc/clk?jk=4e2c570a428368b6&fccid=e6a2604cd4491b02&vjs=3
Data Analyst,None,"Austin, TX 78701 (Downtown area)•Temporarily Remote",https://www.indeed.com/company/Pri-Global-Inc/jobs/Data-Analyst-436894607d453e2f?fccid=c4b2671bac36a1ad&vjs=3
IT Software Administrator,Tesla,"Austin, TX",https://www.indeed.com/rc/clk?jk=bc1750cf3263d45b&fccid=86e9be6ce380173e&vjs=3
Mobile QA Engineer,None,"Austin, TX•Temporarily Remote",https://www.indeed.com/company/1Point-Solutions/jobs/Mobile-QA-Engineer-b400f9c820beb63c?fccid=22e4ae8477982d48&vjs=3
Data Analyst,A+ Federal Credit Union,"Austin, TX 78723 (Windsor Park area)",https://www.indeed.com/rc/clk?jk=1aa7c72cbc054ff7&fccid=ffe55fbc5a0e05a1&vjs=3
Strategic Operations Manager,MBO Partners,"Austin, TX",https://www.indeed.com/company/MBO-Partners/jobs/Strategic-Operation-Manager-f6718eb10d4a174f?fccid=493f49bcca37ef56&vjs=3
Product Operations Analyst - Contractor Role,TikTok,"Austin, TX 78745",https://www.indeed.com/rc/clk?jk=6adbc2690391d423&fccid=caed318a9335aac0&vjs=3
Senior Application Engineer (Python),None,"Austin, TX",https://www.indeed.com/rc/clk?jk=5111fd9fc0a83ab9&fccid=d803747772f0883a&vjs=3
Embedded Engineer,NLB,"Austin, TX",https://www.indeed.com/company/NLB/jobs/Embedded-Engineer-523ab8377f07c1be?fccid=fb1f20b773360931&vjs=3
Junior Python Developer,None,"Austin, TX",https://www.indeed.com/company/Gryps/jobs/Junior-Python-Developer-f8cf2e5fde4cc1c9?fccid=b46f41eaf7796ef3&vjs=3
"Data Engineer, Product Analytics",Facebook,"Austin, TX",https://www.indeed.com/rc/clk?jk=bd9ba7e775e59976&fccid=1639254ea84748b5&vjs=3
Jr. Software Engineer - Remote option available,CACI,"Austin, TX 78759 (Arboretum area)•Remote",https://www.indeed.com/rc/clk?jk=bcec1778f97f0716&fccid=5fca42294cdbc080&vjs=3
Graduate Research Engineer (2022 Start - Austin),Optiver US,"Austin, TX",https://www.indeed.com/rc/clk?jk=849deb83d0aa1af6&fccid=8ef4fa42d160b676&vjs=3
DevOps Engineer,PayPal,"Austin, TX 78729",https://www.indeed.com/rc/clk?jk=6b930f189488776b&fccid=978d9fd9799d55a8&vjs=3
Technical Operations Analyst (PPM L2/L3 Support),None,"Austin, TX 78738•Remote",https://www.indeed.com/company/SecureLink/jobs/Technical-Operation-Analyst-cdb8f0ad0ef48910?fccid=cd05bc8c8a044d02&vjs=3
"QA Engineer, Cards",Red Ventures,"Austin, TX",https://www.indeed.com/rc/clk?jk=081af80137696dfd&fccid=c39dcf34372f1519&vjs=3
Data Analytics Developer,None,"Austin, TX",https://www.indeed.com/rc/clk?jk=dd0789a08b0ff504&fccid=41499924c3ef730c&vjs=3
Analytics Manager,Babylon Health,"Austin, TX",https://www.indeed.com/rc/clk?jk=d0a9c07d4f98221e&fccid=c2ccde89741d2131&vjs=3
ArcGIS Administrator,None,"Round Rock, TX 78664",https://www.indeed.com/company/SCG/jobs/Arcgis-Administrator-8a23c6af455c8e7e?fccid=2de5e4f54be4ff64&vjs=3
Software QA Engineer,Amazon.com Services LLC,"Austin, TX",https://www.indeed.com/rc/clk?jk=19610f9278682419&fccid=fe2d21eef233e94a&vjs=3
"Data Engineer I, Data and Analytics Tech Applications",Amazon.com Services LLC,"Austin, TX",https://www.indeed.com/rc/clk?jk=303264a80aa9aced&fccid=fe2d21eef233e94a&vjs=3
GNSS Systems Engineering Scientist R14603,Applied Research Laboratories,"Austin, TX 78758 (North Burnett area)",https://www.indeed.com/company/Applied-Research-Laboratories/jobs/Gnss-System-Engineering-Scientist-62884e6db258e5fb?fccid=fc8fd5ed3b400347&vjs=3
Python Software Development Engineer,Reynolds and Reynolds,"Austin, TX",https://www.indeed.com/company/Reynolds-and-Reynolds/jobs/Python-Software-Development-Engineer-24dd632a6982e3ce?fccid=f28d659c13a0ec47&vjs=3
Python Software Development Engineer,Reynolds and Reynolds,"Austin, TX",https://www.indeed.com/company/Reynolds-and-Reynolds/jobs/Python-Software-Development-Engineer-24dd632a6982e3ce?fccid=f28d659c13a0ec47&vjs=3
Full Stack Developer Python,Pacific Investment Management Company LLC,"Austin, TX",https://www.indeed.com/rc/clk?jk=8b20fcc95f9650b2&fccid=2d949908fcb6b985&vjs=3
Data Warehouse Developer,Employees Retirement System of Texas,"Austin, TX 78701 (Downtown area)",https://www.indeed.com/rc/clk?jk=89fac280f18b5e07&fccid=1488646c8fbd4d11&vjs=3
Python Developer,None,"Austin, TX•Remote",https://www.indeed.com/company/CalypsoWay/jobs/Python-Developer-287ff8c44a21e5a2?fccid=1a8dd8c4e6c9a5ca&vjs=3
Data Analyst-Mid Level,None,"Austin, TX",https://www.indeed.com/company/WorkCog/jobs/Data-Analyst-Mid-Level-1d5a996476173b10?fccid=04542d75b9ce9d61&vjs=3
Python Developer,None,"Austin, TX 73301 (St Edwards area)",https://www.indeed.com/rc/clk?jk=fdfe0c166f612317&fccid=d38451346464f487&vjs=3
IT Support Specialist,None,"Austin, TX•Remote",https://www.indeed.com/rc/clk?jk=b16c0f879241f685&fccid=dd616958bd9ddc12&vjs=3
Zendesk Program Manager,Box,"Austin, TX",https://www.indeed.com/rc/clk?jk=f623b7cffeac8ea6&fccid=3b768bad00fab6a6&vjs=3
Associate Data & Machine Learning Engineer,"Amazon Web Services, Inc.","Austin, TX",https://www.indeed.com/rc/clk?jk=0608b1fb627dd011&fccid=fe2d21eef233e94a&vjs=3
Data Engineer /Java Developer,PayPal,"Austin, TX 78729",https://www.indeed.com/rc/clk?jk=79ef77d0c8df696c&fccid=978d9fd9799d55a8&vjs=3
Cloud Security Engineer,Amazon.com Services LLC,"Austin, TX",https://www.indeed.com/rc/clk?jk=fab7f136d61b678f&fccid=fe2d21eef233e94a&vjs=3
Cell Lifetime Engineer,Tesla,"Austin, TX",https://www.indeed.com/rc/clk?jk=ca3673da92db1788&fccid=86e9be6ce380173e&vjs=3
Production Engineer,Facebook,"Austin, TX",https://www.indeed.com/rc/clk?jk=5a8bcfcded13b0c2&fccid=1639254ea84748b5&vjs=3
"Threat Analyst I - Opportunity for Working Remotely Austin,...",VMware,"Austin, TX•Remote",https://www.indeed.com/rc/clk?jk=2affe6d2b8ce1924&fccid=c762a27145bd166e&vjs=3
Security Engineer,Dell Technologies,"Round Rock, TX•Remote",https://www.indeed.com/rc/clk?jk=b213aec340609cdc&fccid=dd09fe3b43125016&vjs=3
ETL Developer,Health & Human Services Comm,"Austin, TX 78751 (Triangle State area)",https://www.indeed.com/rc/clk?jk=3a33b97fb0d1836a&fccid=113517153f849886&vjs=3
Sr. Python Developer,SIS,"Austin, TX",https://www.indeed.com/rc/clk?jk=f2c8e51611af4081&fccid=858b91c1e4506185&vjs=3
Cyber Data Scientist,Booz Allen Hamilton,"Austin, TX",https://www.indeed.com/rc/clk?jk=e9721aa3d79f83f9&fccid=4e041af1d0af1bc8&vjs=3
Software Engineer,IBM,"Austin, TX 73301 (St Edwards area)",https://www.indeed.com/rc/clk?jk=71d00c5eb7958f25&fccid=de71a49b535e21cb&vjs=3
Senior Threat Researcher,BlackBerry,"Austin, TX",https://www.indeed.com/rc/clk?jk=3b41843ef1590f20&fccid=a311d3f78a9495c2&vjs=3
Hardware Design Engineer,Annapurna Labs (U.S.) Inc.,"Austin, TX",https://www.indeed.com/rc/clk?jk=1d6943472c7bc9c2&fccid=fe2d21eef233e94a&vjs=3
Product Analytics Manager,"Upstart Network, Inc.","Austin, TX•Remote",https://www.indeed.com/rc/clk?jk=cfcec46ef059680a&fccid=fd81e6e5b3b5441b&vjs=3
"Internal Software Engineer, BP&T",Facebook,"Austin, TX",https://www.indeed.com/rc/clk?jk=51c150832fe8a25d&fccid=1639254ea84748b5&vjs=3
Software Engineer (SRE),Comcentric,"Austin, TX+1 location•Remote",https://www.indeed.com/rc/clk?jk=863af180209cbafd&fccid=c14cd58239fe452f&vjs=3
Data Visualization Developer,Deloitte,"Austin, TX",https://www.indeed.com/rc/clk?jk=8356d9a59ecf38dd&fccid=9e215d88a6b33622&vjs=3
"People Research Scientist, People Analytics (Future of Work)",Facebook,"Austin, TX",https://www.indeed.com/rc/clk?jk=f120705c7bf8bef8&fccid=1639254ea84748b5&vjs=3
Performance Test Engineer,SIS,"Austin, TX•Remote",https://www.indeed.com/rc/clk?jk=2b53012d9d741d8b&fccid=858b91c1e4506185&vjs=3
Data Engineering Manager,Facebook,"Austin, TX",https://www.indeed.com/rc/clk?jk=f9eecef11bc4009a&fccid=1639254ea84748b5&vjs=3
"Researcher, Marketing Science Research",Facebook,"Austin, TX",https://www.indeed.com/rc/clk?jk=8d7cacfffc6bc771&fccid=1639254ea84748b5&vjs=3
Data Scientist,Deloitte,"Austin, TX",https://www.indeed.com/rc/clk?jk=6337738f372e58c9&fccid=9e215d88a6b33622&vjs=3
Software QA Engineer,Siemens,"Austin, TX",https://www.indeed.com/rc/clk?jk=21fb5333415eeedb&fccid=ea6bb53f0b18b8f2&vjs=3
Automation Engineer,Apple,"Austin, TX",https://www.indeed.com/rc/clk?jk=90c007b5a89a2f88&fccid=c1099851e9794854&vjs=3
"Customer Analytics - Software Engineer (Spark, Java, Python,...",Apple,"Austin, TX",https://www.indeed.com/rc/clk?jk=e29be21362b293de&fccid=c1099851e9794854&vjs=3
Software Engineer II,Electronic Arts,"Austin, TX",https://www.indeed.com/rc/clk?jk=c45a8870876fdee9&fccid=617d7f961cfcf54a&vjs=3
Senior Quality Assurance Engineer,None,"Austin, TX 78703•Remote",https://www.indeed.com/rc/clk?jk=6d3e57ddca058dff&fccid=f7ac4a09ac730eec&vjs=3
Technical Artist,Electronic Arts,"Austin, TX",https://www.indeed.com/rc/clk?jk=0d89dd91fe8dda20&fccid=617d7f961cfcf54a&vjs=3
Hardware Test Engineer,Facebook,"Austin, TX",https://www.indeed.com/rc/clk?jk=19524e1d6c88b80a&fccid=1639254ea84748b5&vjs=3
Data & Technology Coordinator,None,"Austin, TX 78724",https://www.indeed.com/company/Montessori-For-All/jobs/Data-Technology-Coordinator-0fd6eb57500b063c?fccid=568849865c22e9df&vjs=3
Business Support Associate Commerce,Accenture,"Austin, TX",https://www.indeed.com/rc/clk?jk=5828cce4117d4321&fccid=a4e4e2eaf26690c9&vjs=3
Gameplay Software Engineer - The Sims,Electronic Arts,"Austin, TX",https://www.indeed.com/rc/clk?jk=d034db17aa9fac9f&fccid=617d7f961cfcf54a&vjs=3
Data Analyst,None,"Austin, TX 78701 (Downtown area)•Temporarily Remote","https://www.indeed.com/company/Raybeam,-Inc./jobs/Data-Analyst-93b63cd434017786?fccid=8641f0a5fda917ff&vjs=3"
Online Computer Science Tutor,Upswing,"Austin, TX•Remote",https://www.indeed.com/company/Upswing/jobs/Online-Computer-Science-Tutor-d4e91aa14abc6b12?fccid=9f653336b329bd76&vjs=3
Senior Data Analyst,Electronic Arts,"Austin, TX",https://www.indeed.com/rc/clk?jk=d550c8da9c661440&fccid=617d7f961cfcf54a&vjs=3
"Data Scientist, GBM Analytics",Facebook,"Austin, TX",https://www.indeed.com/rc/clk?jk=0fcf0b484cd9ceb4&fccid=1639254ea84748b5&vjs=3
"Manager, CSG Strategy and Analytics",Salesforce,"Austin, TX",https://www.indeed.com/rc/clk?jk=d8ab9bf3535867d1&fccid=4027cfd917e1ee29&vjs=3
"Data Engineer, Analytics (Generalist)",Facebook,"Austin, TX",https://www.indeed.com/rc/clk?jk=c71e624778e93ed1&fccid=1639254ea84748b5&vjs=3
Machine Learning Engineer,None,"Austin, TX",https://www.indeed.com/rc/clk?jk=5ff7bfd3db04c8b6&fccid=435fa631ac0b9d0f&vjs=3
Data Engineer II,HEB,"Austin, TX 78702 (Holly area)",https://www.indeed.com/rc/clk?jk=16a56efe9b199111&fccid=c629e32155ebd42c&vjs=3
Operations Test Engineer,Apple,"Austin, TX",https://www.indeed.com/rc/clk?jk=4b6aa03c5f8b63be&fccid=c1099851e9794854&vjs=3
Design Verification Engineer,None,"Austin, TX 78729",https://www.indeed.com/rc/clk?jk=7cc6576e1951e07c&fccid=4bd75b7bd15ac761&vjs=3
"Manager, CSG Strategy and Analytics",Salesforce,"Austin, TX",https://www.indeed.com/rc/clk?jk=d8ab9bf3535867d1&fccid=4027cfd917e1ee29&vjs=3
"Data Engineer, Analytics (Generalist)",Facebook,"Austin, TX",https://www.indeed.com/rc/clk?jk=c71e624778e93ed1&fccid=1639254ea84748b5&vjs=3
Machine Learning Engineer,None,"Austin, TX",https://www.indeed.com/rc/clk?jk=5ff7bfd3db04c8b6&fccid=435fa631ac0b9d0f&vjs=3
Data Engineer II,HEB,"Austin, TX 78702 (Holly area)",https://www.indeed.com/rc/clk?jk=16a56efe9b199111&fccid=c629e32155ebd42c&vjs=3
Operations Test Engineer,Apple,"Austin, TX",https://www.indeed.com/rc/clk?jk=4b6aa03c5f8b63be&fccid=c1099851e9794854&vjs=3
Design Verification Engineer,None,"Austin, TX 78729",https://www.indeed.com/rc/clk?jk=7cc6576e1951e07c&fccid=4bd75b7bd15ac761&vjs=3
Manufacturing Strategy and Smart Operations Senior Consultan...,Deloitte,"Austin, TX",https://www.indeed.com/rc/clk?jk=d573dbe51e8b9e87&fccid=9e215d88a6b33622&vjs=3
"Advisor, Business Operations",Dell Technologies,"Round Rock, TX",https://www.indeed.com/rc/clk?jk=d7107e156430ba03&fccid=dd09fe3b43125016&vjs=3
"Systems Development Engineer, Network Device Automation",Amazon.com Services LLC,"Austin, TX",https://www.indeed.com/rc/clk?jk=f4c7d6396225b5ff&fccid=fe2d21eef233e94a&vjs=3
"Operations Engineer, Gas & Chemical Systems",Samsung Electronics,"Austin, TX 78754",https://www.indeed.com/rc/clk?jk=f5e7d21a27b7f9ad&fccid=da3c7fed78dd1607&vjs=3
"BI Analyst, Customer Support Services",Atlassian,"Austin, TX 78701 (Downtown area)",https://www.indeed.com/rc/clk?jk=a474a4cc433b0fb0&fccid=e6d4ba9e2cfe7902&vjs=3
Data Engineer,Electronic Arts,"Austin, TX",https://www.indeed.com/rc/clk?jk=5e1d7c9811e37a82&fccid=617d7f961cfcf54a&vjs=3
"Application Support Engineer, Factory Software",Tesla,"Austin, TX",https://www.indeed.com/rc/clk?jk=25a5d3b7ada2f507&fccid=86e9be6ce380173e&vjs=3
Associate,Mu Sigma,"Austin, TX",https://www.indeed.com/rc/clk?jk=d72cc878b219848e&fccid=2a226bfff83c7d00&vjs=3
GPU Shader IO RTL Engineer,Samsung Electronics,"Austin, TX 78746",https://www.indeed.com/rc/clk?jk=3062f5e05ce271ee&fccid=da3c7fed78dd1607&vjs=3
Professional Services Consultant (Remote - U.S.),Infoblox,"Austin, TX 78703•Remote",https://www.indeed.com/rc/clk?jk=3067dd870625be01&fccid=d7bd935bd17bc575&vjs=3
Windows Engineer,Optiver US,"Austin, TX",https://www.indeed.com/rc/clk?jk=5147f12301a74b8e&fccid=8ef4fa42d160b676&vjs=3
Looker Analyst (Remote),None,"Austin, TX•Remote",https://www.indeed.com/rc/clk?jk=1424ecededdda070&fccid=423ec9e15ae54cb7&vjs=3
Entry Level Applications Engineer,Cirrus Logic,"Austin, TX 78701 (Downtown area)",https://www.indeed.com/rc/clk?jk=5d02ef4b65862319&fccid=9fa86166624bd016&vjs=3
Member Technical Staff - Opportunity for Working Remotely Au...,VMware,"Austin, TX•Remote",https://www.indeed.com/rc/clk?jk=b5ef12bd2e1e5271&fccid=c762a27145bd166e&vjs=3
Photo Ops Engineer,Samsung Electronics,"Austin, TX 78754",https://www.indeed.com/rc/clk?jk=1ae0950147be8922&fccid=da3c7fed78dd1607&vjs=3
"Data Scientist II, Product Analytics",Expedia Group,"Austin, TX 78758 (North Austin area)",https://www.indeed.com/rc/clk?jk=2ebc7ed5575b8b1d&fccid=160efb82f2462f14&vjs=3
Associate Director-Technology,AT&T,"Austin, TX•Remote",https://www.indeed.com/rc/clk?jk=364c3e3fe401e73a&fccid=25b5166547bbf543&vjs=3
Robotic Process Automation Engineer - New College Graduate,Silicon Labs,"Austin, TX 78701 (Downtown area)",https://www.indeed.com/rc/clk?jk=6084d97edec9aa33&fccid=46437b5e9e684d4a&vjs=3
Xeon Server SOC Debug Specialist,Intel,"Austin, TX 78746 (Barton Hills area)",https://www.indeed.com/rc/clk?jk=0005bc24b40f1caa&fccid=f1374be6a45f4b8a&vjs=3
Lead Software Engineer - Venmo,Venmo,"Austin, TX 78729",https://www.indeed.com/rc/clk?jk=89462a626a544f80&fccid=6c5992ae26848336&vjs=3
"Payments Data Analyst, Partner Data Solutions",Facebook,"Austin, TX",https://www.indeed.com/rc/clk?jk=28df3440eaefc7ad&fccid=1639254ea84748b5&vjs=3
Data Analyst,None,"Austin, TX 78757 (Crestview area)",https://www.indeed.com/rc/clk?jk=24319f581cc76d24&fccid=723cd490904b231f&vjs=3
Data Science/AI&ML Virtual Instructors,None,"Austin, TX",https://www.indeed.com/company/QuickStart-Technologies-Inc./jobs/Data-Science-Ai&Ml-Virtual-Instructor-ea4d12bcdc019d9c?fccid=4cec49d4848f199f&vjs=3
Python Developer,None,"Austin, TX•Remote",https://www.indeed.com/rc/clk?jk=e2c1ca6972d31277&fccid=211ccec28946a944&vjs=3
"Senior BI Analyst, Customer Support Services",Atlassian,"Austin, TX 78701 (Downtown area)",https://www.indeed.com/rc/clk?jk=141f409831c49f39&fccid=e6d4ba9e2cfe7902&vjs=3
Process Integration Engineer,Samsung Electronics,"Austin, TX 78754",https://www.indeed.com/rc/clk?jk=471038f074edd12d&fccid=da3c7fed78dd1607&vjs=3
SOFTWARE ENGINEER ART,None,"Austin, TX 78717",https://www.indeed.com/rc/clk?jk=9f2818eb330b10ec&fccid=dd616958bd9ddc12&vjs=3
Data Analyst 2,Zynga,"Austin, TX 78717•Temporarily Remote",https://www.indeed.com/rc/clk?jk=89520c903a98bfd2&fccid=f379417fa48d0010&vjs=3
"Process Engineer, Manufacturing Test, Gigafactory Texas",Tesla,"Austin, TX",https://www.indeed.com/rc/clk?jk=fefe0fd5337540d4&fccid=86e9be6ce380173e&vjs=3
Texas Tribune Student Fellowships,The Texas Tribune,"Austin, TX 78701 (Downtown area)•Remote",https://www.indeed.com/rc/clk?jk=c3819e67fab9b5c1&fccid=325e9ec449d5298d&vjs=3
Strategy Research Associate,Dimensional Fund Advisors,"Austin, TX•Temporarily Remote",https://www.indeed.com/rc/clk?jk=2129214673d63627&fccid=418b43753a8c964c&vjs=3
Research Specialist IV,Dept of State Health Services,"Austin, TX 78756 (Brentwood area)•Temporarily Remote",https://www.indeed.com/rc/clk?jk=c0ab21fa4c3b549d&fccid=113517153f849886&vjs=3
Capacity Planning Program Manager,Cloudflare,"Austin, TX",https://www.indeed.com/rc/clk?jk=85f3a39da1c3cf7b&fccid=c57da989524f65e7&vjs=3
"Data Scientist, Product Analytics",Facebook,"Austin, TX",https://www.indeed.com/rc/clk?jk=2a014657095be071&fccid=1639254ea84748b5&vjs=3
"Engineering Project Manager, People Analytics",Apple,"Austin, TX",https://www.indeed.com/rc/clk?jk=49740bf9896b8f13&fccid=c1099851e9794854&vjs=3
Cloud Consulting Architect - Opportunity for Working Remotel...,VMware,"Austin, TX•Remote",https://www.indeed.com/rc/clk?jk=8000a1606ee5d82a&fccid=c762a27145bd166e&vjs=3
Design Verification Engineer – Autopilot AI (Dojo),Tesla,"Austin, TX",https://www.indeed.com/rc/clk?jk=b6066fc0b416dc17&fccid=86e9be6ce380173e&vjs=3
Research Scientist,Amazon.com Services LLC,"Austin, TX",https://www.indeed.com/rc/clk?jk=8ab44e4353fcad09&fccid=fe2d21eef233e94a&vjs=3
Backend Engineer,None,"Austin, TX",https://www.indeed.com/rc/clk?jk=44b371551f50ea8e&fccid=3c2181d40a370308&vjs=3
Trade Compliance Reporting Analyst,Accenture,"Austin, TX",https://www.indeed.com/rc/clk?jk=18f4b0a44cffc2f0&fccid=a4e4e2eaf26690c9&vjs=3
Operations Research Engineer,None,"Austin, TX",https://www.indeed.com/rc/clk?jk=05e6a952027ecd66&fccid=255a0845f95e443f&vjs=3
Full-stack Web Engineer,PayPal,"Austin, TX 78729",https://www.indeed.com/rc/clk?jk=dfac12cad308f3b8&fccid=978d9fd9799d55a8&vjs=3
Entry level opportunity for Java Big Data Developers,None,"Austin, TX",https://www.indeed.com/company/Quintrix/jobs/Entry-Level-Opportunity-Java-Big-Data-Developer-959992e19d1d5da6?fccid=7bb4f021732530ee&vjs=3
Technical Animator - BioWare,Electronic Arts,"Austin, TX",https://www.indeed.com/rc/clk?jk=013deff54cb9715c&fccid=617d7f961cfcf54a&vjs=3
